issue,title,current_state,related_files,review_findings,closure_recommendation
26,Change: Pivot to agent engineering and vibe coding first focus,open,Dev/DevelopmentPatterns.md; Dev/AgentOperations.md; GettingStarted/AStartupToolkit.md,ADD/MDD distinction and authority corrected; MCP implementation remains unverified.,Leave open pending owner acceptance; no closure performed
31,"ContextWindowEngineering(""Context Window Engineering"").Add: Explanation of how context window, input, and output tokens work",open,Productivity/ContextWindowEngineering.md; Dev/LocalLLM.md,"Input/output, truncation, compaction, tokens, and budget clarified; actual local inference is blocked by unavailable runtimes.",Leave open pending owner acceptance; no closure performed
36,Pyschology.Attention The Pyschology of attention.,open,Psychology/Attention.md,Research abstract sourced; fixed productivity/recovery prescriptions removed; proposed practices labeled as experiments.,Leave open pending owner acceptance; no closure performed
38,GettingStarted.ContributorGuide.Description A introductory guide to contributing to open-source projects.,open,GettingStarted/ContributorGuide.md; Dev/Contributing.md,Canonical contribution procedure; public fork contributions do not require organization membership.,Leave open pending owner acceptance; no closure performed
44,Dev.SessionTickets.Move tickets to Workspace repo.,open,Dev/IDD/MissionTickets.md,Hierarchy label and URL must identify the same product mission; actual organization coordination location still needs project-specific verification.,Leave open pending owner acceptance; no closure performed
45,Productity.AstartupMethod.Add instruction on when to not do a HoSe.,open,Productivity/FlowState.md,"Page title corrected; original HoSe/flow material remains draft, not a validated universal productivity prescription.",Leave open pending owner acceptance; no closure performed
46,Pyschology.Learning.TemporalLearning.Add instructions for how to maximize temporal learning.,open,Psychology/TemporalLearning.md,Distributed/retrieval practice grounded in review; unsupported forgetting percentage and optimal schedules removed.,Leave open pending owner acceptance; no closure performed
47,IDD.MissionTickets.Describe A section that describes how to add Mission and vision to issue tickets.,open,Dev/IDD/MissionTickets.md; GettingStarted/MissionAndVision.md,Mission-reference guidance present; actual project records and original mission aspirations remain unverified.,Leave open pending owner acceptance; no closure performed
48,Update headers for 2020; Detail.rename files to UpperCaseCamel.,open,README.md; chapter indexes; page front matter,"Prior typo renames audited, misleading titles corrected, incomplete pages marked draft; copyright-year rules superseded by the founder's DRY notice direction.",Leave open pending owner acceptance; no closure performed
49,Development.Change IssueTypes to IssueTags.,open,Dev/IDD/MissionTickets.md,"Problem optional, Solution and Files Affected required; broad scope is not blanket staging permission.",Leave open pending owner acceptance; no closure performed
60,Dev.MDD.MissionTickets.Update section with current method,open,Dev/IDD/MissionTickets.md,Author/agent identity examples remain template notation; actual assigned handles and tool parsing require project verification.,Leave open pending owner acceptance; no closure performed
69,IMUL.DevLogs.Secondary.Add quick prior session progress report.,open,Doc/DevelopmentLogs.md,Historical development-log page remains draft; a template is not an exercised session log.,Leave open pending owner acceptance; no closure performed
70,MDD.MissionTickets.Change template to A.Problem A.Solution format.,open,Dev/IDD/MissionTickets.md; Dev/Contributing.md,A-Z sections and prefix-first workspace commit grammar aligned; no real commits or parser verification performed in this review.,Leave open pending owner acceptance; no closure performed
75,AddSection Dev.CI AStartup Continuous Integration pipeline instructions.,open,Dev/ContinuousIntegration.md; tools/check_docs.py,"CI guidance corrected and offline checks exercised; no GitHub CI deployment, branch-protection change, or Jekyll build.",Leave open pending owner acceptance; no closure performed
78,Dev.MDD.Update instructions so that a Session must contain at least one commit,open,Dev/IDD/MissionTickets.md,Session may span days until a meaningful commit; do not manufacture commits or conceal blockers.,Leave open pending owner acceptance; no closure performed
79,"Dev.MDD.Milestones.Add template for first generic milestones, starting with GitHub Workspace.",open,Dev/IDD/MissionTickets.md,"Created lists issues, not a timestamp; actual creation time is a separate recorded field.",Leave open pending owner acceptance; no closure performed
81,Dev.GitHub.Org.Add instruciton to start off by making repos you are most focused on pinned.,open,GettingStarted/Repositories.md; GettingStarted/WorkspaceStructure.md,Repository boundaries clarified in workspace guide; legacy repository chapter and actual MCC behavior are not comprehensively verified.,Leave open pending owner acceptance; no closure performed
82,Dev.MDD.MissionTicket.Update template with new A to Z session method,open,Dev/IDD/MissionTickets.md,Sub-commit/section notation distinguished from GitHub issue identity; notation does not create automatic deep links.,Leave open pending owner acceptance; no closure performed
85,MissionTickets.Add letter subheadings for Problem and Solution statments,open,Dev/IDD/MissionTickets.md,Root/sub-commit records retained; full multi-agent integration and actual ticket sections still need owner acceptance.,Leave open pending owner acceptance; no closure performed
86,MissionTicket.Add instructions for groundhog day,open,Dev/IDD/MissionTickets.md,Clock convention remains documentation; actual timing/parser behavior was not exercised.,Leave open pending owner acceptance; no closure performed
87,MDD.Reorder issue tickets so the first 7 are Session.Future tickets for the days of the week starting on Monday,open,Dev/IDD/MissionTickets.md,Numbered bootstrap schemes conflict/evolved; discover actual records by title/index rather than invent reserved numbers.,Leave open pending owner acceptance; no closure performed
91,"MDD: Change Issue 10 to Project.Open, 11 Self, 12 Project.Close, 13 Questions",open,Dev/IDD/MissionTickets.md,Title/body numbering and additional bootstrap records require the Captain's decision; no board migration or issue mass-creation.,Leave open pending owner acceptance; no closure performed
92,Contributing.Add: Instructions,open,Dev/Contributing.md; GettingStarted/ContributorGuide.md,Workflow DRYed to one canonical procedure; current local instructions take precedence and may change.,Leave open pending owner acceptance; no closure performed
94,Dev: Add instruction to setup three tasks at the end of each session to get done before doing anything else,open,Dev/IDD/MissionTickets.md,Restart routine preserves prior evidence and timestamps; no premature closure or invented success.,Leave open pending owner acceptance; no closure performed
95,MDD.Add Session.Created to Session ticket template,open,Dev/AgentOperations.md; Dev/IDD/MissionTickets.md,"Runnable task authority, checks, budgets, and handoff defined; no unattended overnight execution claimed or scheduled.",Leave open pending owner acceptance; no closure performed
96,UX.Add 8 basic UX design principles from Dan Brown,open,Design/UXPrinciples.md,Eight principles corrected to Brown's information architecture; reproduced-source provenance and limits disclosed.,Leave open pending owner acceptance; no closure performed
97,Psychology.AddSection Reward Loop,open,Psychology/RewardLoops.md; Dev/ContinuousIntegration.md,Useful feedback separated from proxy gaming; inference feedback is not weight training or reinforcement learning.,Leave open pending owner acceptance; no closure performed
98,MDD: Update primary dev log instruction to list which projects you are working on that day,open,Doc/DevelopmentLogs.md,"Existing log/diagram material remains draft; no proof of a complete, exercised logging workflow.",Leave open pending owner acceptance; no closure performed
99,Add Tense Workspace mono-repo folder structure,open,GettingStarted/WorkspaceStructure.md,Ownership labels are not tenses or a monorepo claim; existing checkouts preserved.,Leave open pending owner acceptance; no closure performed
100,MDD.Rename: Agentic Driven Development,open,README.md; license.md,Single README notice retained; canonical agreement unchanged in this review; owner must accept the attribution/link choices.,Leave open pending owner acceptance; no closure performed
101,Change.Dev.IDD How to perform Issue-driven Development; Docs.Delete /docs/.git folder; Changes.Doc.AddSection Cookbooks; Detail.License.Fix broken repo link;.,open,license.md; Legal/Licensing.md,No legal-text rewrite in this review; earlier normalization/source URL and permissive-use claims need owner/attorney verification.,Leave open pending owner acceptance; no closure performed
102,Change.Overview.Rename GettingStarted; Docs.Change H1 to Astartup Cookbook,open,README.md; chapter indexes; tools/check_docs.py,Offline sweep verifies local Markdown links beyond the root README; missing chapters not fabricated to hide broken targets.,Leave open pending owner acceptance; no closure performed
103,Change.GettingStarted.Add instructions on how to use the Kabuki Starship markdown templates.,open,GettingStarted/AStartupToolkit.md,Actual template families and companion repo roles distinguished from proposed MCP/dashboard features.,Leave open pending owner acceptance; no closure performed
105,Detail.GettingStarted,open,GettingStarted/README.md,Agent entry path and evidence/draft policy added; unsupported failure-rate and shipped-tool claims removed.,Leave open pending owner acceptance; no closure performed
107,Legal.Licensing.Trademarks.Clerify difference between a Registered Trademark and Common Law Trademark,open,Legal/IntellectualProperty.md,US symbols and registration terminology corrected to USPTO; founder anecdote corrected; remaining IP content is draft and legal conclusions routed to attorney.,Leave open pending owner acceptance; no closure performed
108,GettingStarted.AStartupMCC.Name: AStartup Mission Control Center,open,GettingStarted/AStartupToolkit.md; Dev/LocalLLM.md,Template use and local-model task flow documented without fictional hardware templates or MCP capability claims.,Leave open pending owner acceptance; no closure performed
109,Clarify the difference between a Question and Hypothesis issue ticket,open,Dev/IDD/MissionTickets.md; Engineering/ProblemSolving.md,"QnHm analysis, evidence, and inconclusive outcomes covered; actual Questions record must be discovered, not assumed #13.",Leave open pending owner acceptance; no closure performed
